[
  {
    "id": 1,
    "name": "Jacquenetta Slowgrave",
    "avatar": "https://bundui-images.netlify.app/avatars/01.png",
    "gender": "Male",
    "email": "jslowgrave0@naver.com",
    "phone": "536-159-0405",
    "about": "I love reading, traveling and discovering new things. You need to be happy in life.",
    "last_seen": "2 minute ago",
    "online_status": "success",
    "website": "https://laborasyon.com",
    "social_links": [
      {
        "name": "Facebook",
        "url": "https://www.facebook.com/"
      },
      {
        "name": "X",
        "url": "https://www.x.com/"
      },
      {
        "name": "Linkedin",
        "url": "https://www.linkedin.com/"
      },
      {
        "name": "Instagram",
        "url": "https://www.instagram.com/"
      },
      {
        "name": "Dribbble",
        "url": "https://www.dribbble.com/"
      }
    ],
    "country": "China"
  },
  {
    "id": 2,
    "name": "Nickola Peever",
    "avatar": "https://bundui-images.netlify.app/avatars/02.png",
    "gender": "Female",
    "email": "npeever1@ihg.com",
    "phone": "973-760-6954",
    "about": "I love reading, traveling and discovering new things. You need to be happy in life.",
    "last_seen": "2 minute ago",
    "online_status": "success",
    "website": "https://laborasyon.com",
    "social_links": [
      {
        "name": "Facebook",
        "url": "https://www.facebook.com/"
      },
      {
        "name": "X",
        "url": "https://www.x.com/"
      },
      {
        "name": "Linkedin",
        "url": "https://www.linkedin.com/"
      },
      {
        "name": "Instagram",
        "url": "https://www.instagram.com/"
      },
      {
        "name": "Dribbble",
        "url": "https://www.dribbble.com/"
      }
    ],
    "country": "Thailand"
  },
  {
    "id": 3,
    "name": "Farand Hume",
    "avatar": null,
    "gender": "Female",
    "email": "fhume2@privacy.gov.au",
    "phone": "555-379-7534",
    "about": "I love reading, traveling and discovering new things. You need to be happy in life.",
    "last_seen": "2 minute ago",
    "online_status": "success",
    "website": "https://laborasyon.com",
    "social_links": [
      {
        "name": "Facebook",
        "url": "https://www.facebook.com/"
      },
      {
        "name": "X",
        "url": "https://www.x.com/"
      },
      {
        "name": "Linkedin",
        "url": "https://www.linkedin.com/"
      },
      {
        "name": "Instagram",
        "url": "https://www.instagram.com/"
      },
      {
        "name": "Dribbble",
        "url": "https://www.dribbble.com/"
      }
    ],
    "country": "Honduras"
  },
  {
    "id": 4,
    "name": "Ossie Peasey",
    "avatar": "https://bundui-images.netlify.app/avatars/04.png",
    "gender": "Female",
    "email": "opeasey3@360.cn",
    "phone": "780-756-0264",
    "about": "I love reading, traveling and discovering new things. You need to be happy in life.",
    "last_seen": "2 minute ago",
    "online_status": "success",
    "website": "https://laborasyon.com",
    "social_links": [
      {
        "name": "Facebook",
        "url": "https://www.facebook.com/"
      },
      {
        "name": "X",
        "url": "https://www.x.com/"
      },
      {
        "name": "Linkedin",
        "url": "https://www.linkedin.com/"
      },
      {
        "name": "Instagram",
        "url": "https://www.instagram.com/"
      },
      {
        "name": "Dribbble",
        "url": "https://www.dribbble.com/"
      }
    ],
    "country": "Peru"
  },
  {
    "id": 5,
    "name": "Hall Negri",
    "avatar": "https://bundui-images.netlify.app/avatars/05.png",
    "gender": "Male",
    "email": "hnegri4@feedburner.com",
    "phone": "811-584-3641",
    "about": "I love reading, traveling and discovering new things. You need to be happy in life.",
    "last_seen": "2 minute ago",
    "online_status": "success",
    "website": "https://laborasyon.com",
    "social_links": [
      {
        "name": "Facebook",
        "url": "https://www.facebook.com/"
      },
      {
        "name": "X",
        "url": "https://www.x.com/"
      },
      {
        "name": "Linkedin",
        "url": "https://www.linkedin.com/"
      },
      {
        "name": "Instagram",
        "url": "https://www.instagram.com/"
      },
      {
        "name": "Dribbble",
        "url": "https://www.dribbble.com/"
      }
    ],
    "country": "Indonesia"
  },
  {
    "id": 6,
    "name": "Elyssa Segot",
    "avatar": "https://bundui-images.netlify.app/avatars/06.png",
    "gender": "Male",
    "email": "esegot5@boston.com",
    "phone": "627-740-4954",
    "about": "I love reading, traveling and discovering new things. You need to be happy in life.",
    "last_seen": "2 minute ago",
    "online_status": "success",
    "website": "https://laborasyon.com",
    "social_links": [
      {
        "name": "Facebook",
        "url": "https://www.facebook.com/"
      },
      {
        "name": "X",
        "url": "https://www.x.com/"
      },
      {
        "name": "Linkedin",
        "url": "https://www.linkedin.com/"
      },
      {
        "name": "Instagram",
        "url": "https://www.instagram.com/"
      },
      {
        "name": "Dribbble",
        "url": "https://www.dribbble.com/"
      }
    ],
    "country": "Mongolia"
  },
  {
    "id": 7,
    "name": "Gil Wilfing",
    "avatar": "https://bundui-images.netlify.app/avatars/07.png",
    "gender": "Male",
    "email": "gwilfing6@jimdo.com",
    "phone": "881-882-3271",
    "about": "I love reading, traveling and discovering new things. You need to be happy in life.",
    "last_seen": "2 minute ago",
    "online_status": "success",
    "website": "https://laborasyon.com",
    "social_links": [
      {
        "name": "Facebook",
        "url": "https://www.facebook.com/"
      },
      {
        "name": "X",
        "url": "https://www.x.com/"
      },
      {
        "name": "Linkedin",
        "url": "https://www.linkedin.com/"
      },
      {
        "name": "Instagram",
        "url": "https://www.instagram.com/"
      },
      {
        "name": "Dribbble",
        "url": "https://www.dribbble.com/"
      }
    ],
    "country": "Russia"
  },
  {
    "id": 8,
    "name": "Bab Cleaton",
    "avatar": "https://bundui-images.netlify.app/avatars/08.png",
    "gender": "Female",
    "email": "bcleaton7@google.es",
    "phone": "605-196-5520",
    "about": "I love reading, traveling and discovering new things. You need to be happy in life.",
    "last_seen": "2 minute ago",
    "online_status": "success",
    "website": "https://laborasyon.com",
    "social_links": [
      {
        "name": "Facebook",
        "url": "https://www.facebook.com/"
      },
      {
        "name": "X",
        "url": "https://www.x.com/"
      },
      {
        "name": "Linkedin",
        "url": "https://www.linkedin.com/"
      },
      {
        "name": "Instagram",
        "url": "https://www.instagram.com/"
      },
      {
        "name": "Dribbble",
        "url": "https://www.dribbble.com/"
      }
    ],
    "country": "Indonesia"
  },
  {
    "id": 9,
    "name": "Janith Satch",
    "avatar": "https://bundui-images.netlify.app/avatars/09.png",
    "gender": "Female",
    "email": "jsatch8@instagram.com",
    "phone": "444-972-5747",
    "about": "I love reading, traveling and discovering new things. You need to be happy in life.",
    "last_seen": "2 minute ago",
    "online_status": "success",
    "website": "https://laborasyon.com",
    "social_links": [
      {
        "name": "Facebook",
        "url": "https://www.facebook.com/"
      },
      {
        "name": "X",
        "url": "https://www.x.com/"
      },
      {
        "name": "Linkedin",
        "url": "https://www.linkedin.com/"
      },
      {
        "name": "Instagram",
        "url": "https://www.instagram.com/"
      },
      {
        "name": "Dribbble",
        "url": "https://www.dribbble.com/"
      }
    ],
    "country": "France"
  },
  {
    "id": 10,
    "name": "Biron Alison",
    "avatar": "https://bundui-images.netlify.app/avatars/10.png",
    "gender": "Female",
    "email": "balison9@house.gov",
    "phone": "782-997-2630",
    "about": "I love reading, traveling and discovering new things. You need to be happy in life.",
    "last_seen": "2 minute ago",
    "online_status": "success",
    "website": "https://laborasyon.com",
    "social_links": [
      {
        "name": "Facebook",
        "url": "https://www.facebook.com/"
      },
      {
        "name": "X",
        "url": "https://www.x.com/"
      },
      {
        "name": "Linkedin",
        "url": "https://www.linkedin.com/"
      },
      {
        "name": "Instagram",
        "url": "https://www.instagram.com/"
      },
      {
        "name": "Dribbble",
        "url": "https://www.dribbble.com/"
      }
    ],
    "country": "South Africa"
  },
  {
    "id": 11,
    "name": "Baily Younie",
    "avatar": "https://bundui-images.netlify.app/avatars/01.png",
    "gender": "Female",
    "email": "byouniea@blogspot.com",
    "phone": "478-840-0708",
    "about": "I love reading, traveling and discovering new things. You need to be happy in life.",
    "last_seen": "2 minute ago",
    "online_status": "success",
    "website": "https://laborasyon.com",
    "social_links": [
      {
        "name": "Facebook",
        "url": "https://www.facebook.com/"
      },
      {
        "name": "X",
        "url": "https://www.x.com/"
      },
      {
        "name": "Linkedin",
        "url": "https://www.linkedin.com/"
      },
      {
        "name": "Instagram",
        "url": "https://www.instagram.com/"
      },
      {
        "name": "Dribbble",
        "url": "https://www.dribbble.com/"
      }
    ],
    "country": "China"
  },
  {
    "id": 12,
    "name": "Lawton Broadbury",
    "avatar": "https://bundui-images.netlify.app/avatars/02.png",
    "gender": "Male",
    "email": "lbroadburyb@gizmodo.com",
    "phone": "540-993-8480",
    "about": "I love reading, traveling and discovering new things. You need to be happy in life.",
    "last_seen": "2 minute ago",
    "online_status": "success",
    "website": "https://laborasyon.com",
    "social_links": [
      {
        "name": "Facebook",
        "url": "https://www.facebook.com/"
      },
      {
        "name": "X",
        "url": "https://www.x.com/"
      },
      {
        "name": "Linkedin",
        "url": "https://www.linkedin.com/"
      },
      {
        "name": "Instagram",
        "url": "https://www.instagram.com/"
      },
      {
        "name": "Dribbble",
        "url": "https://www.dribbble.com/"
      }
    ],
    "country": "Portugal"
  },
  {
    "id": 13,
    "name": "Ealasaid Bohlje",
    "avatar": null,
    "gender": "Female",
    "email": "ebohljec@google.pl",
    "phone": "934-572-7769",
    "about": "I love reading, traveling and discovering new things. You need to be happy in life.",
    "last_seen": "2 minute ago",
    "online_status": "success",
    "website": "https://laborasyon.com",
    "social_links": [
      {
        "name": "Facebook",
        "url": "https://www.facebook.com/"
      },
      {
        "name": "X",
        "url": "https://www.x.com/"
      },
      {
        "name": "Linkedin",
        "url": "https://www.linkedin.com/"
      },
      {
        "name": "Instagram",
        "url": "https://www.instagram.com/"
      },
      {
        "name": "Dribbble",
        "url": "https://www.dribbble.com/"
      }
    ],
    "country": "Guatemala"
  },
  {
    "id": 14,
    "name": "Meggi Sharple",
    "avatar": "https://bundui-images.netlify.app/avatars/04.png",
    "gender": "Male",
    "email": "msharpled@surveymonkey.com",
    "phone": "690-702-4333",
    "about": "I love reading, traveling and discovering new things. You need to be happy in life.",
    "last_seen": "2 minute ago",
    "online_status": "success",
    "website": "https://laborasyon.com",
    "social_links": [
      {
        "name": "Facebook",
        "url": "https://www.facebook.com/"
      },
      {
        "name": "X",
        "url": "https://www.x.com/"
      },
      {
        "name": "Linkedin",
        "url": "https://www.linkedin.com/"
      },
      {
        "name": "Instagram",
        "url": "https://www.instagram.com/"
      },
      {
        "name": "Dribbble",
        "url": "https://www.dribbble.com/"
      }
    ],
    "country": "Mexico"
  },
  {
    "id": 15,
    "name": "Tann Chaston",
    "avatar": "https://bundui-images.netlify.app/avatars/05.png",
    "gender": "Female",
    "email": "tchastone@google.fr",
    "phone": "359-172-3295",
    "about": "I love reading, traveling and discovering new things. You need to be happy in life.",
    "last_seen": "2 minute ago",
    "online_status": "success",
    "website": "https://laborasyon.com",
    "social_links": [
      {
        "name": "Facebook",
        "url": "https://www.facebook.com/"
      },
      {
        "name": "X",
        "url": "https://www.x.com/"
      },
      {
        "name": "Linkedin",
        "url": "https://www.linkedin.com/"
      },
      {
        "name": "Instagram",
        "url": "https://www.instagram.com/"
      },
      {
        "name": "Dribbble",
        "url": "https://www.dribbble.com/"
      }
    ],
    "country": "Russia"
  }
]
