[
  {
    "id": 1,
    "name": "HP Pavilion 16.1 inch Gaming Laptop",
    "image": "/products/01.jpeg",
    "description": "HP Pavilion 16.1 inch Gaming Laptop (1920x1080) FHD 144Hz, Intel Core i5-10300H, NVIDIA GeForce GTX 1660 Ti with Max-Q Design, 8GB RAM, 512GB SSD+32GB Optane, Windows 10 Home",
    "category": "Electronics",
    "sku": "RCH45Q1A",
    "stock": 5,
    "price": "$960.99",
    "rating": 4.9,
    "status": "active"
  },
  {
    "id": 2,
    "name": "Samsung SM-A21S Galaxy A21S",
    "image": "/products/02.jpeg",
    "description": "Samsung SM-A21S Galaxy A21S- Smartphone, 64 GB Dual SIM, Black",
    "category": "Electronics",
    "sku": "MVCFH27F",
    "stock": 25,
    "price": "$350",
    "rating": 4.65,
    "status": "active"
  },
  {
    "id": 3,
    "name": "Schwaiger KH510S 513 Buegelkopfhoerer",
    "image": "/products/03.jpeg",
    "description": "Schwaiger KH510S 513 Buegelkopfhoerer (detachable jack cable, microphone) Black",
    "category": "Electronics",
    "sku": "MVCFH27F",
    "stock": 27,
    "price": "$300",
    "rating": 4.65,
    "status": "out-of-stock"
  },
  {
    "id": 4,
    "name": "Ultimate Ears Wonderboom Bluetooth Speaker",
    "image": "/products/04.jpeg",
    "description": "The Eyeshadow Palette with Mirror offers a versatile range of eyeshadow shades for creating stunning eye looks. With a built-in mirror, it's convenient for on-the-go makeup application.",
    "category": "Electronics",
    "sku": "MVCFH27F",
    "stock": 10,
    "price": "$119.99",
    "rating": 4.65,
    "status": "active"
  },
  {
    "id": 5,
    "name": "Canon Pixma TS3350 multifunction printer",
    "image": "/products/05.jpeg",
    "description": "Affordable, stylish and functional, this connected all-in-one is the go-to tool for crisp documents and borderless photos up to 5´´x7´´.",
    "category": "Electronics",
    "sku": "MVCFH27F",
    "stock": 25,
    "price": "$439.50",
    "rating": 4.65,
    "status": "closed-for-sale"
  },
  {
    "id": 6,
    "name": "Canon 4000D 18-55 MM III (Canon Eurasia Guaranteed)",
    "image": "/products/06.jpeg",
    "description": "Canon EOS 4000D 18-55 MM DSLR Camera (Canon Eurasia Guaranteed)",
    "category": "beauty",
    "sku": "MVCFH27F",
    "stock": 25,
    "price": "$49.50",
    "rating": 4.65,
    "status": "closed-for-sale"
  },
  {
    "id": 7,
    "name": "Lobwerk Lenovo Tab M10 TB-X605F",
    "image": "/products/02.jpeg",
    "description": "Lobwerk protective case for Lenovo Tab M10 TB-X605F 10.1 inch case with stand function and auto Sleep/Wake function",
    "category": "beauty",
    "sku": "MVCFH27F",
    "stock": 25,
    "price": "$49.50",
    "rating": 4.65,
    "status": "closed-for-sale"
  },
  {
    "id": 8,
    "name": "2019 55`` Q60R QLED 4K Quantum HDR Smart TV",
    "image": "/products/03.jpeg",
    "description": "",
    "category": "beauty",
    "sku": "MVCFH27F",
    "stock": 25,
    "price": "$49.50",
    "rating": 4.65,
    "status": "closed-for-sale"
  },
  {
    "id": 9,
    "name": "Toshiba Canvio Partner 1 TB portable ",
    "image": "/products/07.jpeg",
    "description": "Toshiba Canvio Partner 1TB portable 2.5-inch external HDD, USB 3.2 Gen 1, compatible with Mac and Windows, USB-powered",
    "category": "beauty",
    "sku": "MVCFH27F",
    "stock": 25,
    "price": "$49.50",
    "rating": 4.65,
    "status": "closed-for-sale"
  },
  {
    "id": 10,
    "name": "Projection Laser Presentation Controller 2.4ghz Kl-qx01",
    "image": "/products/05.jpeg",
    "description": "",
    "category": "beauty",
    "sku": "MVCFH27F",
    "stock": 25,
    "price": "$49.50",
    "rating": 4.65,
    "status": "closed-for-sale"
  },
  {
    "id": 11,
    "name": "Lobwerk Lenovo Tab M10 TB-X605F",
    "image": "/products/07.jpeg",
    "description": "Lobwerk protective case for Lenovo Tab M10 TB-X605F 10.1 inch case with stand function and auto Sleep/Wake function",
    "category": "beauty",
    "sku": "MVCFH27F",
    "stock": 25,
    "price": "$49.50",
    "rating": 4.65,
    "status": "closed-for-sale"
  },
  {
    "id": 12,
    "name": "Ultimate Ears Wonderboom Bluetooth Speaker",
    "image": "/products/04.jpeg",
    "description": "The Eyeshadow Palette with Mirror offers a versatile range of eyeshadow shades for creating stunning eye looks. With a built-in mirror, it's convenient for on-the-go makeup application.",
    "category": "Electronics",
    "sku": "MVCFH27F",
    "stock": 10,
    "price": "$119.99",
    "rating": 4.65,
    "status": "active"
  }
]
