[
  {
    "id": 1,
    "name": "Production API Key",
    "api_key": "9e6d336a-2f98-43e9-9fa6-11b4d5cdaf62",
    "created_at": "10 May 2024",
    "expired_at": "10 May 2025",
    "status": "active"
  },
  {
    "id": 2,
    "name": "Development API Key",
    "api_key": "8a2d834b-5c92-4d63-a5e4-7a1b0f2f4c24",
    "created_at": "15 Apr 2023",
    "expired_at": "15 Apr 2024",
    "status": "inactive"
  },
  {
    "id": 3,
    "name": "Development test",
    "api_key": "4b6f472a-987b-4db7-8c1a-7a0de0f3f5b6",
    "created_at": "1 Mar 2023",
    "expired_at": "1 Mar 2024",
    "status": "active"
  },
  {
    "id": 4,
    "name": "Production test",
    "api_key": "d4e3b829-1c7f-48b4-a019-9c1fe472a42f",
    "created_at": "12 Dec 2022",
    "expired_at": "12 Dec 2023",
    "status": "expired"
  }
]
