[
  {
    "id": "1",
    "name": "Pizza",
    "price": 10,
    "image": "https://bundui-images.netlify.app/food/pizza1.jpg",
    "category": "3"
  },
  {
    "id": "2",
    "name": "Pizza",
    "price": 12,
    "image": "https://bundui-images.netlify.app/food/pizza2.jpg",
    "category": "3"
  },
  {
    "id": "3",
    "name": "Pizza",
    "price": 16,
    "image": "https://bundui-images.netlify.app/food/pizza3.jpg",
    "category": "3"
  },
  {
    "id": "4",
    "name": "Pizza",
    "price": 18,
    "image": "https://bundui-images.netlify.app/food/pizza4.jpg",
    "category": "3"
  },
  {
    "id": "5",
    "name": "Burger",
    "price": 18.4,
    "image": "https://bundui-images.netlify.app/food/burger1.jpg",
    "category": "4"
  },
  {
    "id": "6",
    "name": "Burger",
    "price": 21.15,
    "image": "https://bundui-images.netlify.app/food/burger2.jpg",
    "category": "4"
  },
  {
    "id": "7",
    "name": "Burger",
    "price": 10.15,
    "image": "https://bundui-images.netlify.app/food/burger3.jpg",
    "category": "4"
  },
  {
    "id": "8",
    "name": "Coffee",
    "price": 4,
    "image": "https://bundui-images.netlify.app/food/coffee1.jpg",
    "category": "5"
  },
  {
    "id": "9",
    "name": "Coffee",
    "price": 12,
    "image": "https://bundui-images.netlify.app/food/coffee2.jpg",
    "category": "5"
  },
  {
    "id": "10",
    "name": "Coffee",
    "price": 5,
    "image": "https://bundui-images.netlify.app/food/coffee3.jpg",
    "category": "5"
  },
  {
    "id": "11",
    "name": "Coffee",
    "price": 6,
    "image": "https://bundui-images.netlify.app/food/coffee4.jpg",
    "category": "5"
  },
  {
    "id": "12",
    "name": "Coffee",
    "price": 10,
    "image": "https://bundui-images.netlify.app/food/coffee5.jpg",
    "category": "5"
  },
  {
    "id": "13",
    "name": "Snack",
    "price": 10,
    "image": "https://bundui-images.netlify.app/food/snack1.jpg",
    "category": "2"
  },
  {
    "id": "14",
    "name": "Snack",
    "price": 10,
    "image": "https://bundui-images.netlify.app/food/snack2.jpg",
    "category": "2"
  },
  {
    "id": "15",
    "name": "Snack",
    "price": 10,
    "image": "https://bundui-images.netlify.app/food/snack3.jpg",
    "category": "2"
  },
  {
    "id": "16",
    "name": "Snack",
    "price": 10,
    "image": "https://bundui-images.netlify.app/food/snack4.jpg",
    "category": "2"
  },
  {
    "id": "17",
    "name": "Tea",
    "price": 10,
    "image": "https://bundui-images.netlify.app/food/drink1.jpg",
    "category": "6"
  },
  {
    "id": "18",
    "name": "Tea",
    "price": 10,
    "image": "https://bundui-images.netlify.app/food/drink2.jpg",
    "category": "6"
  }
]
