[
  {
    "id": "1",
    "name": "Table 1",
    "category": "3",
    "status": "available"
  },
  {
    "id": "2",
    "name": "Table 2",
    "category": "5",
    "status":  "available"
  },
  {
    "id": "3",
    "name": "Table 3",
    "category": "2",
    "status":  "reserved"
  },
  {
    "id": "4",
    "name": "Table 4",
    "category": "4",
    "status":  "available"
  },
  {
    "id": "5",
    "name": "Table 5",
    "category": "2",
    "status":  "available"
  },
  {
    "id": "6",
    "name": "Table 6",
    "category": "4",
    "status":  "available"
  },
  {
    "id": "7",
    "name": "Table 7",
    "category": "4",
    "status":  "available"
  },
  {
    "id": "8",
    "name": "Table 8",
    "category": "3",
    "status":  "available"
  },
  {
    "id": "9",
    "name": "Table 9",
    "category": "2",
    "status":  "reserved"
  },
  {
    "id": "10",
    "name": "Table 10",
    "category": "4",
    "status":  "available"
  },
  {
    "id": "11",
    "name": "Table 11",
    "category": "3",
    "status":  "available"
  },
  {
    "id": "12",
    "name": "Table 12",
    "category": "5",
    "status":  "available"
  }
]
