[
  {
    "id": 12342,
    "customer": {
      "name": "Liam Johnson",
      "email": "liam@example.com"
    },
    "price": "$200",
    "type": "Sale",
    "status": "pending",
    "date": "Jun 23, 2023",
    "image": "/products/01.jpeg",
    "product_name": "Wireless Headphones"
  },
  {
    "id": 24342,
    "customer": {
      "name": "Emma Brown",
      "email": "emma@example.com"
    },
    "price": "$150",
    "type": "Sale",
    "status": "completed",
    "date": "Jul 11, 2023",
    "image": "/products/02.jpeg",
    "product_name": "Bluetooth Speaker"
  },
  {
    "id": 32183,
    "customer": {
      "name": "Noah Williams",
      "email": "noah@example.com"
    },
    "price": "$250",
    "type": "Return",
    "status": "pending",
    "date": "Aug 03, 2023",
    "image": "/products/03.jpeg",
    "product_name": "Smartwatch"
  },
  {
    "id": 45542,
    "customer": {
      "name": "Olivia Garcia",
      "email": "olivia@example.com"
    },
    "price": "$320",
    "type": "Sale",
    "status": "shipped",
    "date": "Sep 15, 2023",
    "image": "/products/04.jpeg",
    "product_name": "Laptop Stand"
  },
  {
    "id": 54345,
    "customer": {
      "name": "Elijah Jones",
      "email": "elijah@example.com"
    },
    "price": "$80",
    "type": "Sale",
    "status": "delivered",
    "date": "Oct 09, 2023",
    "image": "/products/05.jpeg",
    "product_name": "Portable Charger"
  },
  {
    "id": 64257,
    "customer": {
      "name": "Ava Miller",
      "email": "ava@example.com"
    },
    "price": "$60",
    "type": "Return",
    "status": "pending",
    "date": "Nov 21, 2023",
    "image": "/products/06.jpeg",
    "product_name": "USB Hub"
  },
  {
    "id": 74346,
    "customer": {
      "name": "James Martinez",
      "email": "james@example.com"
    },
    "price": "$500",
    "type": "Sale",
    "status": "completed",
    "date": "Dec 02, 2023",
    "image": "/products/07.jpeg",
    "product_name": "4K Monitor"
  },
  {
    "id": 84322,
    "customer": {
      "name": "Sophia Anderson",
      "email": "sophia@example.com"
    },
    "price": "$100",
    "type": "Sale",
    "status": "shipped",
    "date": "Jan 18, 2024",
    "image": "/products/01.jpeg",
    "product_name": "Mechanical Keyboard"
  },
  {
    "id": 91452,
    "customer": {
      "name": "Lucas Thomas",
      "email": "lucas@example.com"
    },
    "price": "$75",
    "type": "Return",
    "status": "completed",
    "date": "Feb 27, 2024",
    "image": "/products/02.jpeg",
    "product_name": "Wireless Mouse"
  },
  {
    "id": 10232,
    "customer": {
      "name": "Mia Jackson",
      "email": "mia@example.com"
    },
    "price": "$340",
    "type": "Sale",
    "status": "delivered",
    "date": "Mar 10, 2024",
    "image": "/products/03.jpeg",
    "product_name": "Tablet"
  },
  {
    "id": 11904,
    "customer": {
      "name": "Mason White",
      "email": "mason@example.com"
    },
    "price": "$120",
    "type": "Sale",
    "status": "pending",
    "date": "Apr 07, 2024",
    "image": "/products/04.jpeg",
    "product_name": "Smart Lamp"
  },
  {
    "id": 14672,
    "customer": {
      "name": "Isabella Harris",
      "email": "isabella@example.com"
    },
    "price": "$45",
    "type": "Return",
    "status": "pending",
    "date": "May 05, 2024",
    "image": "/products/05.jpeg",
    "product_name": "Earbuds"
  },
  {
    "id": 12123,
    "customer": {
      "name": "Ethan Lewis",
      "email": "ethan@example.com"
    },
    "price": "$650",
    "type": "Sale",
    "status": "shipped",
    "date": "Jun 22, 2024",
    "image": "/products/06.jpeg",
    "product_name": "Gaming Laptop"
  },
  {
    "id": 15804,
    "customer": {
      "name": "Harper Walker",
      "email": "harper@example.com"
    },
    "price": "$95",
    "type": "Sale",
    "status": "delivered",
    "date": "Jul 13, 2024",
    "image": "/products/07.jpeg",
    "product_name": "Power Bank"
  },
  {
    "id": 15023,
    "customer": {
      "name": "Alexander King",
      "email": "alexander@example.com"
    },
    "price": "$210",
    "type": "Sale",
    "status": "completed",
    "date": "Aug 20, 2024",
    "image": "/products/01.jpeg",
    "product_name": "VR Headset"
  }
]
